<?xml version='1.0' encoding='UTF-8'?>
<!DOCTYPE TaskDefinition PUBLIC "sailpoint.dtd" "sailpoint.dtd">
<TaskDefinition created="1463461691004" executor="sailpoint.reporting.LiveReportExecutor" id="8a752a5854bd00430154bd1d3e7c0041" modified="1463475715144" name="Active Directory Group Aggregation" progressMode="Percentage" resultAction="Rename" subType="Gilead Custom Reports" template="true" type="LiveReport">
  <Attributes>
    <Map>
      <entry key="report">
        <value>
          <LiveReport title="Active Directory Group Aggregation">
            <DataSource dataSourceClass="sailpoint.reporting.datasource.ADGroupAggregation" type="Java">
              <QueryParameters>
                <Parameter argument="applications" property="application.id"/>
              </QueryParameters>
            </DataSource>
            <Columns>
              <ReportColumnConfig field="name" header="Group Name" property="name" sortable="true" width="110"/>
              <ReportColumnConfig field="displayName" header="Group Description" sortable="true" width="110"/>
              <ReportColumnConfig field="groupOwner" header="Group Owner" sortable="true" width="110"/>
              <ReportColumnConfig field="groupMember" header="Group Member" sortable="true" width="110"/>
            </Columns>
          </LiveReport>
        </value>
      </entry>
    </Map>
  </Attributes>
  <Description>Custom report to display all groups aggregated from ERSS Active Directory</Description>
  <RequiredRights>
    <Reference class="sailpoint.object.SPRight" id="8a752a5854b9006a0154b900badd0061" name="FullAccessAccountGroupMembershipReport"/>
  </RequiredRights>
  <Signature>
    <Inputs>
      <Argument multi="true" name="applications" type="Application"/>
    </Inputs>
  </Signature>
</TaskDefinition>
