<?xml version='1.0' encoding='UTF-8'?>
<!DOCTYPE Application PUBLIC "sailpoint.dtd" "sailpoint.dtd">
<Application authoritative="true" connector="sailpoint.connector.DelimitedFileConnector" featuresString="DIRECT_PERMISSIONS, NO_RANDOM_ACCESS, DISCOVER_SCHEMA" icon="enterpriseIcon" id="8a754199542cf52101542dd4eefe000a" name="test" profileClass="" type="DelimitedFile">
  <Attributes>
    <Map>
      <entry key="compositeDefinition"/>
      <entry key="delimiter" value=","/>
      <entry key="file" value="C:\Users\503989\Desktop\test.csv"/>
      <entry key="filetransport" value="local"/>
      <entry key="filterEmptyRecords">
        <value>
          <Boolean>true</Boolean>
        </value>
      </entry>
      <entry key="group.filetransport" value="local"/>
      <entry key="group.filterEmptyRecords">
        <value>
          <Boolean>true</Boolean>
        </value>
      </entry>
      <entry key="group.partitionMode" value="auto"/>
      <entry key="hasHeader">
        <value>
          <Boolean>true</Boolean>
        </value>
      </entry>
      <entry key="isCaseInsensitiveMerge">
        <value>
          <Boolean/>
        </value>
      </entry>
      <entry key="isSortedByIndexColumn">
        <value>
          <Boolean/>
        </value>
      </entry>
      <entry key="mergeRows">
        <value>
          <Boolean/>
        </value>
      </entry>
      <entry key="nativeChangeDetectionAttributeScope" value="entitlements"/>
      <entry key="nativeChangeDetectionAttributes"/>
      <entry key="nativeChangeDetectionEnabled">
        <value>
          <Boolean/>
        </value>
      </entry>
      <entry key="nativeChangeDetectionOperations"/>
      <entry key="parseType" value="delimited"/>
      <entry key="partitionMode" value="auto"/>
      <entry key="stopIfLineHasWrongColumnLength">
        <value>
          <Boolean/>
        </value>
      </entry>
      <entry key="sysDescriptions">
        <value>
          <Map>
            <entry key="en_US"/>
          </Map>
        </value>
      </entry>
      <entry key="templateApplication" value="DelimitedFile Template"/>
      <entry key="transportUser" value="spadmin"/>
      <entry key="transportUserPassword" value="1:p+qvPBo4Rig8PYlNWbr3Zg=="/>
    </Map>
  </Attributes>
  <Owner>
    <Reference class="sailpoint.object.Identity" id="8a754199534f8f8401534f8fc98b00ee" name="spadmin"/>
  </Owner>
  <Schemas>
    <Schema displayAttribute="Display Name" id="8a754199542cf52101542dd4ef0c000c" identityAttribute="Display Name" instanceAttribute="" nativeObjectType="account" objectType="account" permissionsRemediationModificationType="None">
      <AttributeDefinition name="Display Name" type="string">
        <Description/>
      </AttributeDefinition>
      <AttributeDefinition name="First Name" type="string">
        <Description/>
      </AttributeDefinition>
      <AttributeDefinition name="Last Name" type="string">
        <Description/>
      </AttributeDefinition>
      <AttributeDefinition name="EmployeeID" type="string">
        <Description/>
      </AttributeDefinition>
      <AttributeDefinition name="Email" type="string">
        <Description/>
      </AttributeDefinition>
      <AttributeDefinition name="Manager" type="string">
        <Description/>
      </AttributeDefinition>
      <AttributeDefinition name="dept" type="string">
        <Description/>
      </AttributeDefinition>
      <AttributeDefinition name="Type" type="string">
        <Description/>
      </AttributeDefinition>
      <AttributeDefinition name="location" type="string">
        <Description/>
      </AttributeDefinition>
      <AttributeDefinition name="status" type="string">
        <Description/>
      </AttributeDefinition>
      <AttributeDefinition name="inactive" type="string">
        <Description/>
      </AttributeDefinition>
    </Schema>
  </Schemas>
  <ApplicationScorecard id="8a754199542cf52101542dd4eefe000b"/>
</Application>