<?xml version='1.0' encoding='UTF-8'?>
<!DOCTYPE Identity PUBLIC "sailpoint.dtd" "sailpoint.dtd">
<Identity assignedRoleSummary="BUSINESS-MNG-KOL-AD" correlated="true" created="1460007463010" id="8a75419953ef0ffe0153ef39e862003b" lastRefresh="1460444030715" managerStatus="true" modified="1460543710795" name="1">
  <Attributes>
    <Map>
      <entry key="EmployeeID" value="1"/>
      <entry key="dept" value="CTSSSS"/>
      <entry key="displayName" value="Riya Raj"/>
      <entry key="firstname" value="Riya"/>
      <entry key="lastname" value="Raj"/>
      <entry key="location" value="kolkata"/>
      <entry key="networkID" value="RajRiy"/>
      <entry key="status" value="enabled"/>
      <entry key="type" value="manager"/>
    </Map>
  </Attributes>
  <AssignedRoles>
    <Reference class="sailpoint.object.Bundle" id="8a75419953e4bf900153e4d0d1750044" name="BUSINESS-MNG-KOL-AD"/>
  </AssignedRoles>
  <AttributeMetaDatas>
    <AttributeMetaData attribute="displayName" source="IHG-POC:Display Name"/>
    <AttributeMetaData attribute="firstname" source="IHG-POC:First Name"/>
    <AttributeMetaData attribute="inactive" source="IHG-POC:inactive"/>
    <AttributeMetaData attribute="lastname" source="IHG-POC:Last Name"/>
    <AttributeMetaData attribute="location" source="IHG-POC:location"/>
    <AttributeMetaData attribute="status" source="IHG-POC:status"/>
    <AttributeMetaData attribute="type" source="IHG-POC:Type"/>
    <AttributeMetaData attribute="EmployeeID" source="IHG-POC:EmployeeID"/>
    <AttributeMetaData attribute="dept" source="IHG-POC:dept"/>
    <AttributeMetaData attribute="networkID" source="IHG-POC:networkID"/>
    <AttributeMetaData attribute="manager" source="IHG-POC:Manager"/>
  </AttributeMetaDatas>
  <Manager>
    <Reference class="sailpoint.object.Identity" id="8a75419953ef0ffe0153ef39e7550035" name="1212"/>
  </Manager>
  <Preferences>
    <Map>
      <entry key="roleAssignments">
        <value>
          <List>
            <RoleAssignment assignmentId="a957abdf862a412cad1dba8cb493db8e" date="1460443219905" roleId="8a75419953e4bf900153e4d0d1750044" roleName="BUSINESS-MNG-KOL-AD" source="Rule"/>
          </List>
        </value>
      </entry>
    </Map>
  </Preferences>
  <Links>
    <Link created="1460007463010" displayName="1" id="8a75419953ef0ffe0153ef39e862003c" lastRefresh="1460007544386" modified="1460007544420" identity="1">
      <ApplicationRef>
        <Reference class="sailpoint.object.Application" id="8a75419953d070000153d085ac18000c" name="IHG-POC"/>
      </ApplicationRef>
      <Attributes>
        <Map>
          <entry key="Display Name" value="Riya Raj"/>
          <entry key="EmployeeID" value="1"/>
          <entry key="First Name" value="Riya"/>
          <entry key="Last Name" value="Raj"/>
          <entry key="Manager" value="1212"/>
          <entry key="Type" value="manager"/>
          <entry key="dept" value="CTSSSS"/>
          <entry key="inactive" value="FALSE"/>
          <entry key="location" value="kolkata"/>
          <entry key="networkID" value="RajRiy"/>
          <entry key="status" value="enabled"/>
        </Map>
      </Attributes>
    </Link>
  </Links>
  <Scorecard created="1460443219961" id="8a75419954092fd70154093307f90010"/>
</Identity>
