<?xml version='1.0' encoding='UTF-8'?>
<!DOCTYPE Rule PUBLIC "sailpoint.dtd" "sailpoint.dtd">
<Rule created="1461045993486" id="8a754198542d132301542d20a00e0008" language="beanshell" modified="1461312289257" name="IHG - Finish WorkItem">
  <Signature returnType="Object">
    <Inputs>
      <Argument name="log">
        <Description>
          The log object associated with the SailPointContext.
        </Description>
      </Argument>
      <Argument name="context">
        <Description>
          A sailpoint.api.SailPointContext object that can be used to query the database if necessary.
        </Description>
      </Argument>
      <Argument name="identity">
        <Description>
          The Identity object being provisioned.
        </Description>
      </Argument>
      <Argument name="form">
        <Description>
          The Form object for the provisioning plan.
        </Description>
      </Argument>
      <Argument name="field">
        <Description>
          The Field object being analyzed.
        </Description>
      </Argument>
    </Inputs>
    <Returns>
      <Argument name="value">
        <Description>
          An Object (possibly a Collection) of the allowed values for the given
          field.
        </Description>
      </Argument>
    </Returns>
  </Signature>
  <Source> 

  import sailpoint.object.*;
  import sailpoint.object.Identity.*;
  import sailpoint.api.*;
  import java.util.*;
  import org.apache.log4j.Logger;
  import sailpoint.object.ProvisioningPlan;  
  import sailpoint.object.ProvisioningPlan.AccountRequest;  
  import sailpoint.object.ProvisioningPlan.AttributeRequest;                       
  import java.util.List;  
  import java.util.ArrayList;                          
  import sailpoint.api.Provisioner;
  import sailpoint.object.Filter.*;
  import sailpoint.object.Filter.BooleanOperation;
 
  void setIdentityRequest()
  {
    //String result='';
    QueryOptions options = new QueryOptions();
    options.addFilter(Filter.eq("completionStatus", IdentityRequest.CompletionStatus.Pending));
    options.addFilter(Filter.eq("executionStatus", IdentityRequest.ExecutionStatus.Verifying));
    //options.addFilter(Filter.eq("state", "Approve and Provision"));

    ArrayList irList=context.getObjects(IdentityRequest.class,options);
    
    System.out.println("\n\nirList "+irList.size());
    if (irList.size()>0)
    {
        for (int i=0;i&lt;irList.size();i++)
        {
			IdentityRequest ireq1= (IdentityRequest) irList.get(i);

			ireq1.setCompletionStatus(IdentityRequest.CompletionStatus.Success);
			System.out.println("\n\nireq1.getCompletionStatus() : "+ireq1.getCompletionStatus() );

			ireq1.setExecutionStatus(IdentityRequest.ExecutionStatus.Completed);
			System.out.println("\n\nireq1.getExecutionStatus() :"+ireq1.getExecutionStatus());

			ireq1.setState("End");
			System.out.println("\n\nireq1.getState() :"+ireq1.getState());

			ireq1.setEndDate(new Date());
			System.out.println("\n\nireq1.getEndDate() :"+ireq1.getEndDate());

			ireq1.setVerified(new Date());
			System.out.println("\n\nireq1.getVerified() :"+ireq1.getVerified());

			QueryOptions options1 = new QueryOptions();
			options1.addFilter(Filter.eq("name", ireq1.name));
			ArrayList ir=context.getObjects(IdentityRequest.class,options1);
			System.out.println("\n\nir :"+ir); 

			context.saveObject(ir.get(0));
			context.commitTransaction();

			System.out.println("Transaction saved successfully"); 
        }
    }

    System.out.println("Ending setIdentityRequest");
  }

  setIdentityRequest();
  
  void setWorkItem()
  {
	QueryOptions qo1 = new QueryOptions();
	qo1.addFilter(Filter.eq("type", WorkItem.Type.valueOf("ManualAction")));
	ArrayList item1=context.getObjects(WorkItem.class,qo1);

	System.out.println("item1 :"+item1);

	if (item1.size()>0)
	{
		System.out.println("item1.size(): "+item1.size());
		for (int i=0;i&lt;item1.size();i++)
		{ 
			System.out.println("Loop number :"+i);

			System.out.println(item1.get(i).getClass().getName());
			System.out.println(item1.get(i));
			String workItemId = (String) item1.get(i).getIdentityRequestId();
			System.out.println("WorkItem ID Found --- " + workItemId);
			//System.out.println("WorkItem Found --- " + item1.get(i).toXml());
			if(item1.get(i) == null) continue;

			List approvalList = item1.get(i).getApprovalSet().getItems();
			System.out.println("approvalList Found --- " + approvalList);

			if(approvalList == null)  continue;

			for(ApprovalItem appItem : approvalList){
				System.out.println("Approving Approval Item");
				appItem.approve();
			}

			item1.get(i).setCompletionComments("Approving pending access requests.");
			item1.get(i).setState(WorkItem.State.Finished);
			item1.get(i).setCompleter("spadmin");
			System.out.println("WorkItem.State.Finished");
			System.out.println("WorkItem State :"+item1.get(i).getState());
			System.out.println("WorkItem Completer :"+item1.get(i).getCompleter());
			context.saveObject(item1.get(i));
			context.commitTransaction();
			System.out.println("WorkItem finished transaction saved successfully");

		}
	}
    
  }
  
  setWorkItem();
  
  void setIdentityRequestItem()
  {
	QueryOptions op = new QueryOptions();
	op.addFilter(Filter.eq("provisioningState", "Pending"));
	op.addFilter(Filter.eq("application", "GRS Demo Delimited"));

	ArrayList irItemList=context.getObjects(IdentityRequestItem.class,op);

	System.out.println("\n\nirItemList "+irItemList.size());

	if (irItemList.size()>0)
	{
		for (int i=0;i&lt;irItemList.size();i++)
		{
			IdentityRequestItem iReqItem1= (IdentityRequestItem) irItemList.get(i);
			System.out.println("IdentityRequestItem Found --- " + iReqItem1.toXml());
			System.out.println("\n\niReqItem1 "+iReqItem1);

			iReqItem1.setProvisioningState(ApprovalItem.ProvisioningState.Finished);
			System.out.println("\n\niReqItem1.getProvisioningState() : "+iReqItem1.getProvisioningState() );
			context.saveObject(iReqItem1);
			context.commitTransaction();
			System.out.println("IdentityRequestItem finished transaction saved successfully");
		}
    }
  }
  setIdentityRequestItem();
  
  System.out.println("Rule run successfully");
  return "GRS User account created or updated successfully";
          </Source>
</Rule>
